feature,importance
import_export_ratio,0.7705012469148309
Dollar value_export,0.11548253710046369
Dollar value_import,0.08586092796616027
State_encoded,0.02770701186750792
season_encoded,0.00044827615103723085
